Source,Target,Traffic
C2110,cms_000147,3
C2127,C2127,3
C2127,C2160,3
C2127,OFF_FR_2009,3
C212640,C2150,3
C212640,PDT01446,5
C212640,OFF_FR_0786,5
C212640,OFF_FR_0971,5
C212610,C212630,3
C212610,C2120,3
C212620,C212610,3
C212620,57745E,3
C212630,PDT01526,3
C212630,C212610,5
C212630,C2150,3
C212630,PDT01677,3
C212630,OFF_FR_1664,3
C2126,C16,3
C2126,PDT01526,3
C2126,PDT02106,3
C2126,OFF_FR_1664,3
C2126,PDT257580,3
C2126,OFF_FR_0971,3
C2126,OFF_FR_1906,3
C2126,C1899,3
C2126,C1920,3
PDT01068,820789,3
C212240,C212220,3
OFF_FR_136,27,5
PDT499611,C2122,3
OFF_FR_0895,C212220,3
C212220,C212240,3
C212220,C212220,3
PDT01450,home,3
PDT01450,C15,3
PDT01450,20009,3
PDT01450,OFF_FR_362,3
PDT01450,C2150,3
PDT01450,C2120,3
OFF_FR_399,N50A,3
OFF_FR_399,PDT02517,3
PDT01488,C212230,3
PDT02361,PDT02361,3
PDT02361,C2120,3
C212230,PDT02338,3
C212230,ViewStandardCatalogBrowse,3
OFF_FR_407,C212210,3
OFF_FR_362,home,3
OFF_FR_362,CRISB,3
OFF_FR_518,C212210,3
PDT01147,C2115,3
PDT01146,PDT01147,3
C212210,C2110,3
C212210,OFF_FR_210,3
C212210,C212210,3
C212210,C2150,3
C212210,C21,3
C2122,C2028,3
C2122,C1210,3
C2122,PDT345596,3
C2122,PDT01143,3
C2122,OFF_FR_210,3
C2122,ViewOrderTemplateViewAll,3
C2122,ViewStandardCatalogBrowse,3
PDT00865,C1580,3
PDT00865,C215040,3
PDT00865,ViewParametricSearchSimpleOfferSearch,3
PDT02542,C1580,3
C215040,PDT345600,3
C215040,PDT345597,5
C215040,PDT00865,6
C215040,C2150,3
9859,PDT00870,3
PDT02345,ViewParametricSearchSimpleOfferSearch,3
OFF_FR_168,C215060,3
PDT00870,home,3
PDT00870,9859,3
PDT02342,C2150,3
C215060,PDT01057,6
C215060,C2150,3
C215060,PDT12594,5
C215050,OFF_FR_1204,3
PDT221581,PDT221581,3
PDT221581,C2150,3
C215010,C2150,3
PDT01079,5376,3
PDT207580,PDT01076,3
53022,PDT01076,3
PDT01076,C2120,3
C2150,C1530,3
C2150,C2018,3
C2150,C1213,3
C2150,C2127,3
C2150,PDT01060,3
C2150,PDT12594,3
C2150,PDT499616,3
C2150,PDT01058,3
C2150,C215010,3
C2150,OFF_FR_2005,3
C2150,C1920,3
C213010,PDT499615,5
PDT01893,C2130,3
PDT345609,C2130,3
OFF_FR_0792,C2130,3
PDT02120,C213030,3
C2130,C1738,3
C2130,C2110,3
C2130,ViewDataStart,3
C2130,C1990,3
C2160,cms_000045,3
C2160,OFF_FR_451,3
C2160,C1620,3
C2160,C2127,3
C211520,C211510,3
C211520,PDT01115,5
C211550,PDT345593,6
C211550,C211510,3
C211550,PDT345591,3
C211510,PDT345596,3
C211510,C21,3
C211510,C11,3
C211510,C2115,3
C2115,C2230,3
C2115,C12,3
C2115,C1910,3
OFF_FR_378,OFF_FR_0615,3
OFF_FR_378,ViewParametricSearchSimpleOfferSearch,3
OFF_FR_369,OFF_FR_369,3
11974616,OFF_FR_0615,3
11974616,OFF_FR_369,3
AGR010,OFF_FR_0615,3
AGR010,OFF_FR_369,3
C212090,C2122,3
11200,11200,3
8762,PDT01047,3
PDT01584,13160,3
PDT02116,home,3
PDT251581,8762,3
PDT01047,8762,3
PDT01585,ViewParametricSearchSimpleOfferSearch,5
PDT01049,C2120,3
C212020,PDT02198,3
C212020,C2126,3
C212020,C2115,5
PDT02272,C1510,3
PDT02272,C1525,3
PDT02272,PDT01639,3
OFF_FR_167,C212080,3
PDT02341,C212080,3
OFF_FR_0790,C1525,3
L0127,OFF_FR_0790,3
PDT12591,C2122,3
PDT12591,C2150,3
C212080,OFF_FR_167,3
C212080,PDT02341,3
C212080,OFF_FR_1080,3
801705,801705,3
PDT01348,C211020,3
PDT01609,PDT01609,3
PDT01342,C2122,3
PDT02355,C2115,3
PDT01115,C211520,3
PDT01112,PDT02514,3
PDT01112,309798D,3
PDT02514,C21,3
PDT00545,cms_000006,3
PDT02115,C2122,3
PDT256580,C212010,3
PDT02394,1821,3
OFF_FR_137,C2010,3
PDT01136,PDT00501,3
PDT00747,C1213,3
PDT00747,C1710,3
PDT00747,C2150,3
PDT00747,PDT02115,3
PDT00747,C21,3
PDT00747,ViewUserAccountStart,3
PDT01211,C212010,3
PDT171580,C212010,3
C212010,C1632,3
C212010,C2115,3
C212010,PDT01135,5
C212010,PDT01211,3
C212010,C212030,3
C212010,C2125,3
C212010,ViewStandardCatalogBrowse,3
OFF_FR_15087,C2120,3
PDT500581,ViewParametricSearchSimpleOfferSearch,3
PDT500585,C212015,3
PDT02517,PDT01147,3
PDT02517,C2122,3
PDT02517,OFF_FR_1788,3
PDT02517,2028NP,3
C212030,C212080,3
C212030,PDT249582,5
57745E,PDT02485,3
PDT499617,C2126,3
PDT02482,C212630,3
PDT02482,114009,6
PDT118584,C2126,3
PDT02486,PDT02485,3
813701,C212640,3
PDT02485,C2126,3
PDT01677,C2126,3
PDT01677,PDT01677,3
OFF_FR_1662,C2126,3
OFF_FR_1664,C2126,3
414109,PDT02482,3
OFF_FR_393,OFF_FR_393,3
OFF_FR_394,PDT02361,3
OFF_FR_394,OFF_FR_394,3
PDT02487,C2126,3
PDT02487,3048000,3
3048000,PDT02487,3
1900847,PDT257580,3
PDT499606,OFF_FR_028,3
PDT499606,C212525,3
PDT499606,home,3
C212540,PDT499607,5
C212540,C191050,3
5117,PDT00096,3
C2120,OFF_FR_1488,3
C2120,C1430,3
C2120,C2028,3
C2120,C1212,3
C2120,C1630,3
C2120,PDT499612,3
C2120,PDT499614,3
C2120,PDT02341,3
C2120,C212015,3
C2120,OFF_FR_1787,3
C2120,PDT249582,3
C2120,OFF_FR_2050,3
C2120,ViewOrdersSimpleOrderSearch,3
C2120,C1910,3
C212525,C2122,3
C212525,C2125,3
C2125,C1410,3
C2125,PDT01381,3
C2125,C2130,3
C2125,PDT02113,3
C21,C15,3
C21,C1110,3
C21,C1455,3
C21,cms_000031,3
C21,C2311,3
C21,C121115,3
C21,C12,3
C21,C212740,3
C21,C212610,3
C21,C213035,3
C21,C216020,3
C21,C212030,3
C21,C212515,3
C21,C212525,3
C21,C18,3
C21,C1920,3
C21,C1960,3
C21,C1910,3
C21,C19,3
OFF_FR_104,ViewParametricSearchSimpleOfferSearch,3
OFF_FR_2013,C2127,3
OFF_FR_2006,C212730,3
OFF_FR_2006,EP29M,3
OFF_FR_2006,EP29P,3
EP29P,OFF_FR_2006,3
OFF_FR_2018,C2127,3
OFF_FR_2018,HP62P,3
HP301N,cms_000147,3
HP62P,OFF_FR_2018,3
HP903XLC,OFF_FR_2018,3
OFF_FR_0968,C215040,3
OFF_FR_2003,C215050,3
OFF_FR_2005,PDT221581,3
OFF_FR_2005,C2150,3
1004639,PDT221581,3
OFF_FR_1960,ViewParametricSearchSimpleOfferSearch,3
OFF_FR_0966,C212020,3
cms_000042,C1160,3
cms_000042,C1410,3
cms_000042,PDT02008,3
cms_000042,cms_000019,3
cms_000042,FAC500,3
cms_000042,cms_000075,3
cms_000042,2372307,3
cms_000020,cms_000024,3
cms_000020,cms_000033,3
cms_000020,C1212,3
cms_000020,cms_000023,3
cms_000020,cms_000138,3
cms_000018,cms_000054,3
cms_000018,cms_000023,3
cms_000018,cms_000136,3
cms_000019,cms_000032,3
cms_000019,cms_000054,3
cms_000019,cms_000136,3
cms_000053,C1830,3
cms_000053,C18,3
C196520,OFF_FR_1884,3
C1965,PDT10586,3
C196040,C196020,3
C196040,C196010,3
DefaultStart,C1530,3
DefaultStart,C1140,3
DefaultStart,C1195,3
DefaultStart,C2255,3
DefaultStart,cms_000045,3
DefaultStart,C2028,3
DefaultStart,C2018,3
DefaultStart,C1211,3
DefaultStart,C1210,3
DefaultStart,C16,3
DefaultStart,C1610,3
DefaultStart,C1720,3
DefaultStart,C17,3
DefaultStart,C2110,3
DefaultStart,C1910,3
DimSearchStartBag,PBAG72,3
DimSearchStartBag,PBAG80,3
DimSearchStartBag,PBAG10B,3
DimSearchStartBag,SP07A,3
DimSearchStartBag,SX10,3
DimSearchStartBag,LA10,3
DimSearchStartBag,SPP3555,3
DimSearchStartBag,PBAG65,3
DimSearchStartBag,RGPG3545,3
DimSearchStartBox,BOR20,3
DimSearchStartBox,BOR260,3
DimSearchStartBox,BEP170,3
DimSearchStartBox,BEP204,3
DimSearchStartBox,RPT106,3
DimSearchStartBox,RPT12B,3
DimSearchStartBox,RPT117C,3
DimSearchStartBox,RPT117B,3
DimSearchStartBox,RPT08,3
DimSearchStartBox,RPT13,3
DimSearchStartBox,RPT17B,3
DimSearchStartBox,RPT20,3
DimSearchStartBox,RPT23,3
DimSearchStartBox,BOC533,3
DimSearchStartBox,CHA63,3
DimSearchStartBox,CHV50,3
DimSearchStartBox,BLFA01,3
DimSearchStartBox,TGO03,3
DimSearchStartBox,CTP220,3
DimSearchStartBox,CAD05E,3
DimSearchStartBox,CAD34B,3
DimSearchStartBox,CPRD250,3
DimSearchStartBox,CAD10,3
DimSearchStartBox,CAD53,3
DimSearchStartBox,CAD13D,3
DimSearchStartBox,CAD13B,3
DimSearchStartBox,CAD14A,3
DimSearchStartBox,CAD21C,3
DimSearchStartBox,CAD20,3
DimSearchStartBox,CAD28A,3
DimSearchStartBox,CAD33B,3
DimSearchStartBox,CAS22B,3
DimSearchStartBox,CFA258,3
DimSearchStartBox,CFA317,3
DimSearchStartBox,CAS215,3
DimSearchStartBox,CAS14A,3
DimSearchStartBox,CAS14,3
DimSearchStartBox,CAS18,3
DimSearchStartBox,CAS15J,3
DimSearchStartBox,CAS41,3
DimSearchStartBox,CAS56B,3
DimSearchStartBox,CAS60B,3
DimSearchStartBox,CAT26,3
DimSearchStartBox,CDP05,3
DimSearchStartBox,CD05,3
DimSearchStartBox,CAS24A,3
DimSearchStartBox,DAP20,3
DimSearchStartBox,C1185,3
DimSearchStartBox,BL114,3
DimSearchStartBox,CHA60,3
DimSearchStartBox,CFAD257,3
DimSearchStartBox,CAC50,3
DimSearchStartBox,CAM10,3
ViewCartDispatch,home,3
ViewCartView,C1515,3
ViewCartView,RPT09,3
ViewCartView,OFF_FR_1594,3
ViewCartView,C1180,3
ViewCartView,C1150,3
ViewCartView,C1455,3
ViewCartView,cms_000031,3
ViewCartView,SBIOL2645B,3
ViewCartView,C2260,3
ViewCartView,C2313,3
ViewCartView,C2012,3
ViewCartView,C2040,3
ViewCartView,C2115,3
ViewCartView,cms_000039,3
ViewCartView,OFF_FR_118,3
ViewCartView,OFF_FR_1978,3
ViewCartView,C195050,3
ViewCheckoutShippingDispatch,ViewDataStart,11
ViewCostCenterStart,cms_000026,3
ViewCustomProductHistoryStart,C159510,3
ViewCustomProductHistoryStart,cms_000030,3
ViewCustomProductHistoryStart,ViewUserProductReviewsStart,3
ViewCustomProductHistoryStart,ViewUsersStart,3
ViewDataStart,ViewEquipierStepByStepStart,15
ViewDataStart,10336,3
ViewDataStart,C2130,3
ViewDataStart,OFF_FR_364,5
ViewDataStart,ViewHeaderViewReference,33
ViewDataStart,ViewUserAccountStart,23
ViewDataStart,C159510,37
ViewDataStart,/configurateurposteemballage,3
ViewDataStart,RPT108B,3
ViewDataStart,ViewCheckoutShippingDispatch,9
ViewDataStart,/catalogues,3
ViewDataStart,OFF_FR_1836,3
ViewEquipierStepByStepCheckEquipierEmailExists,ViewUserAccountProcessLogin,3
ViewEquipierStepByStepCheckEquipierEmailExists,cms_000133,3
ViewForgotLoginDataUpdatePassword,ViewUserAccountStart,3
ViewHeaderViewAccountIdentification,OFF_FR_115,3
ViewHeaderViewAccountIdentification,C11,3
ViewHeaderViewAccountIdentification,ViewCartView,3
ViewHeaderViewReference,PDT01547,3
ViewHeaderViewReference,C1513,3
ViewHeaderViewReference,/catalogues,3
ViewHeaderViewReference,C1213,3
ViewHeaderViewReference,cms_000035,3
ViewHeaderViewReference,ViewCustomProductHistoryStart,3
ViewHeaderViewReference,ViewDataStart,39
ViewHeaderViewReference,cms_000133,3
ViewHeaderViewReference,PBAG32,3
ViewHeaderViewReference,C1310,3
ViewHeaderViewReference,cms_000075,3
ViewHeaderViewReference,cms_000008,3
ViewHeaderViewReference,21005G,3
ViewOrdersDispatch,ADP136N,3
ViewOrdersSimpleOrderSearch,ADKR50,3
ViewOrdersSimpleOrderSearch,ADT05N,3
ViewOrdersSimpleOrderSearch,ADH11,3
ViewOrdersSimpleOrderSearch,ADH126R,3
ViewOrdersSimpleOrderSearch,ADG12,3
ViewOrdersSimpleOrderSearch,ADA06,3
ViewOrdersSimpleOrderSearch,C1550,3
ViewOrdersSimpleOrderSearch,RPT10,3
ViewOrdersSimpleOrderSearch,RPT14,3
ViewOrdersSimpleOrderSearch,RPT20,3
ViewOrdersSimpleOrderSearch,RPT21,3
ViewOrdersSimpleOrderSearch,PDT00308,3
ViewOrdersSimpleOrderSearch,BL10,3
ViewOrdersSimpleOrderSearch,PF10,3
ViewOrdersSimpleOrderSearch,CAD01,3
ViewOrdersSimpleOrderSearch,CAD05A,3
ViewOrdersSimpleOrderSearch,CAD05B,3
ViewOrdersSimpleOrderSearch,CAD05C,3
ViewOrdersSimpleOrderSearch,CAD07,3
ViewOrdersSimpleOrderSearch,CAD13,3
ViewOrdersSimpleOrderSearch,CAD19,3
ViewOrdersSimpleOrderSearch,CFA210,3
ViewOrdersSimpleOrderSearch,CAS20,3
ViewOrdersSimpleOrderSearch,CAS27C,3
ViewOrdersSimpleOrderSearch,PDT02377,3
ViewOrdersSimpleOrderSearch,OFF_FR_161,3
ViewOrdersSimpleOrderSearch,MCB100A,3
ViewOrdersSimpleOrderSearch,MCB100D,3
ViewOrdersSimpleOrderSearch,MCB160C,3
ViewOrdersSimpleOrderSearch,SCB30,3
ViewOrdersSimpleOrderSearch,C2270,3
ViewOrdersSimpleOrderSearch,C2299,3
ViewOrdersSimpleOrderSearch,LPBU,3
ViewOrdersSimpleOrderSearch,C2316,3
ViewOrdersSimpleOrderSearch,PEP00,3
ViewOrdersSimpleOrderSearch,PEP02N,3
ViewOrdersSimpleOrderSearch,510104,3
ViewOrdersSimpleOrderSearch,100297,3
ViewOrdersSimpleOrderSearch,C2025,3
ViewOrdersSimpleOrderSearch,C2040,3
ViewOrdersSimpleOrderSearch,W073,3
ViewOrdersSimpleOrderSearch,12154,3
ViewOrdersSimpleOrderSearch,PCMA25C,3
ViewOrdersSimpleOrderSearch,PMBL2C,3
ViewOrdersSimpleOrderSearch,ETD1051482,3
ViewOrdersSimpleOrderSearch,RLT05,3
ViewOrdersSimpleOrderSearch,PCL13,3
ViewOrdersSimpleOrderSearch,FEB19,3
ViewOrdersSimpleOrderSearch,C17,3
ViewOrdersSimpleOrderSearch,680915,3
ViewOrdersSimpleOrderSearch,cms_000147,3
ViewOrdersSimpleOrderSearch,BID5N,3
ViewOrdersSimpleOrderSearch,GAINE60NB,3
ViewOrdersSimpleOrderSearch,C13,3
ViewOrdersSimpleOrderSearch,E4317R,3
ViewOrdersSimpleOrderSearch,20310,3
ViewOrdersSimpleOrderSearch,C1930,3
ViewOrderTemplateViewAll,C1120,3
ViewOrderTemplateViewAll,C11,3
ViewOrderTemplateViewAll,MCFL02,3
ViewOrderTemplateViewAll,C205010,3
ViewOrderTemplateViewAll,C2050,3
ViewOrderTemplateViewAll,C2018,3
ViewOrderTemplateViewAll,C1211,3
ViewOrderTemplateViewAll,C1710,3
ViewOrderTemplateViewAll,ViewOrdersDispatch,3
ViewOrderTemplateViewAll,ViewUsersStart,3
ViewOrderTemplateViewAll,cms_000026,3
ViewOrderTemplateViewAll,SP10E,3
ViewOrderTemplateViewAll,RBAC11,3
ViewOrderTemplateViewAll,C1930,3
ViewParametricSearchBrowse,RPT21A,3
ViewParametricSearchBrowse,CAD22,3
ViewParametricSearchBrowse,CAS232,3
ViewParametricSearchBrowse,DAP20,3
ViewParametricSearchBrowse,PDT01136,3
ViewParametricSearchBrowse,STE1830B,3
ViewParametricSearchBrowse,PBAG65,3
ViewParametricSearchProductPaging,PDT00448,3
ViewParametricSearchProductPaging,PDT02496,3
ViewParametricSearchProductPaging,PDT263581,3
ViewParametricSearchProductPaging,CAS11,3
ViewParametricSearchProductPaging,C111010,3
ViewParametricSearchProductPaging,DAP40,3
ViewParametricSearchProductPaging,PDT01533,3
ViewParametricSearchProductPaging,OFF_FR_096,3
ViewParametricSearchProductPaging,OFF_FR_9710,3
ViewParametricSearchProductPaging,PDT01415,3
ViewParametricSearchProductPaging,PDT01809,3
ViewParametricSearchProductPaging,OFF_FR_15010,3
ViewParametricSearchProductPaging,OFF_FR_15062,3
ViewParametricSearchProductPaging,OFF_FR_0615,3
ViewParametricSearchProductPaging,PDT01208,3
ViewParametricSearchProductPaging,PDT02207,3
ViewParametricSearchProductPaging,PDT00328,3
ViewParametricSearchProductPaging,OFF_FR_521,3
ViewParametricSearchProductPaging,OFF_FR_1423,3
ViewParametricSearchProductPaging,PDT240591,3
ViewParametricSearchProductPaging,PDT00912,3
ViewParametricSearchProductPaging,OFF_FR_1955,3
ViewParametricSearchProductPaging,OFF_FR_1248,3
ViewParametricSearchProductPaging,PDT02410,3
ViewParametricSearchProductPaging,OFF_FR_386,3
ViewParametricSearchProductPaging,OFF_FR_9562,3
ViewParametricSearchProductPaging,PDT00169,3
ViewParametricSearchProductPaging,OFF_FR_9706,3
ViewParametricSearchProductPaging,PDT01306,3
ViewParametricSearchProductPaging,OFF_FR_0928,3
ViewParametricSearchSimpleOfferSearch,C1210,3
ViewParametricSearchSimpleOfferSearch,OFF_FR_1832,3
ViewParametricSearchSimpleOfferSearch,BRTN241N,3
ViewParametricSearchSimpleOfferSearch,OFF_FR_1979,3
ViewParametricSearchSimpleOfferSearch,OFF_FR_0855,3
ViewParametricSearchSimpleOfferSearch?internalSearch,PDT02233,3
ViewParametricSearchSimpleOfferSearch?internalSearch,PDT00165,3
ViewParametricSearchSimpleOfferSearch?internalSearch,PDT02323,3
ViewParametricSearchSimpleOfferSearch?internalSearch,PDT01116,3
ViewParametricSearchSimpleOfferSearch?internalSearch,PDT02568,3
ViewParametricSearchSimpleOfferSearch?internalSearch,PDT01212,3
ViewParametricSearchSimpleOfferSearch?internalSearch,PDT00344,3
ViewParametricSearchSimpleOfferSearch?internalSearch,PDT00452,3
ViewParametricSearchSimpleOfferSearch?internalSearch,PDT00712,3
ViewParametricSearchSimpleOfferSearch?internalSearch,PDT02507,3
ViewParametricSearchSimpleOfferSearch?internalSearch,OFF_FR_1586,3
ViewParametricSearchSimpleOfferSearch?internalSearch,PDT02238,3
ViewParametricSearchSimpleOfferSearch?internalSearch,PDT00338,3
ViewParametricSearchSimpleOfferSearch?internalSearch,C1120,3
ViewParametricSearchSimpleOfferSearch?internalSearch,CAD27,3
ViewParametricSearchSimpleOfferSearch?internalSearch,CAS03B,3
ViewParametricSearchSimpleOfferSearch?internalSearch,PDT00071,3
ViewParametricSearchSimpleOfferSearch?internalSearch,OFF_FR_1449,3
ViewParametricSearchSimpleOfferSearch?internalSearch,OFF_FR_1577,3
ViewParametricSearchSimpleOfferSearch?internalSearch,PDT00456,3
ViewParametricSearchSimpleOfferSearch?internalSearch,C141010,3
ViewParametricSearchSimpleOfferSearch?internalSearch,PDT391580,3
ViewParametricSearchSimpleOfferSearch?internalSearch,C221211,3
ViewParametricSearchSimpleOfferSearch?internalSearch,OFF_FR_1439,3
ViewParametricSearchSimpleOfferSearch?internalSearch,OFF_FR_055,3
ViewParametricSearchSimpleOfferSearch?internalSearch,PDT166580,3
ViewParametricSearchSimpleOfferSearch?internalSearch,OFF_FR_15126,3
ViewParametricSearchSimpleOfferSearch?internalSearch,PDT220582,3
ViewParametricSearchSimpleOfferSearch?internalSearch,OFF_FR_1534,3
ViewParametricSearchSimpleOfferSearch?internalSearch,PDT498582,3
ViewParametricSearchSimpleOfferSearch?internalSearch,OFF_FR_9840,3
ViewParametricSearchSimpleOfferSearch?internalSearch,OFF_FR_9501,3
ViewParametricSearchSimpleOfferSearch?internalSearch,OFF_FR_9864,3
ViewParametricSearchSimpleOfferSearch?internalSearch,PDT338581,3
ViewParametricSearchSimpleOfferSearch?internalSearch,OFF_FR_15122,3
ViewParametricSearchSimpleOfferSearch?internalSearch,PDT417580,3
ViewParametricSearchSimpleOfferSearch?internalSearch,PDT499591,3
ViewParametricSearchSimpleOfferSearch?internalSearch,OFF_FR_1696,3
ViewParametricSearchSimpleOfferSearch?internalSearch,PDT01032,3
ViewParametricSearchSimpleOfferSearch?internalSearch,OFF_FR_071,3
ViewParametricSearchSimpleOfferSearch?internalSearch,PDT01591,3
ViewParametricSearchSimpleOfferSearch?internalSearch,OFF_FR_1200,3
ViewParametricSearchSimpleOfferSearch?internalSearch,OFF_FR_9962,3
ViewParametricSearchSimpleOfferSearch?internalSearch,OFF_FR_9868,3
ViewParametricSearchSimpleOfferSearch?internalSearch,OFF_FR_9649,3
ViewParametricSearchSimpleOfferSearch?internalSearch,OFF_FR_9453,3
ViewParametricSearchSimpleOfferSearch?internalSearch,OFF_FR_9648,3
ViewParametricSearchSimpleOfferSearch?internalSearch,OFF_FR_10097,3
ViewParametricSearchSimpleOfferSearch?internalSearch,OFF_FR_9819,3
ViewParametricSearchSimpleOfferSearch?internalSearch,OFF_FR_9516,3
ViewParametricSearchSimpleOfferSearch?internalSearch,OFF_FR_9771,3
ViewParametricSearchSimpleOfferSearch?internalSearch,OFF_FR_10021,3
ViewParametricSearchSimpleOfferSearch?internalSearch,PDT01247,3
ViewParametricSearchSimpleOfferSearch?internalSearch,PDT01762,3
ViewParametricSearchSimpleOfferSearch?internalSearch,PDT01408,3
ViewParametricSearchSimpleOfferSearch?internalSearch,PDT01363,3
ViewParametricSearchSimpleOfferSearch?internalSearch,OFF_FR_1222,3
ViewParametricSearchSimpleOfferSearch?internalSearch,OFF_FR_9582,3
ViewParametricSearchSimpleOfferSearch?internalSearch,OFF_FR_9339,3
ViewParametricSearchSimpleOfferSearch?internalSearch,OFF_FR_9306,3
ViewParametricSearchSimpleOfferSearch?internalSearch,OFF_FR_9925,3
ViewParametricSearchSimpleOfferSearch?internalSearch,PDT358581,3
ViewParametricSearchSimpleOfferSearch?internalSearch,OFF_FR_1859,3
ViewParametricSearchSimpleOfferSearch?internalSearch,OFF_FR_1128,3
ViewParametricSearchSimpleOfferSearch?internalSearch,OFF_FR_1712,3
ViewParametricSearchSimpleOfferSearch?internalSearch,C121520,3
ViewParametricSearchSimpleOfferSearch?internalSearch,OFF_FR_1042,3
ViewParametricSearchSimpleOfferSearch?internalSearch,OFF_FR_1876,3
ViewParametricSearchSimpleOfferSearch?internalSearch,PDT00440,3
ViewParametricSearchSimpleOfferSearch?internalSearch,PDT250594,3
ViewParametricSearchSimpleOfferSearch?internalSearch,PDT00882,3
ViewParametricSearchSimpleOfferSearch?internalSearch,M2616B,3
ViewParametricSearchSimpleOfferSearch?internalSearch,PDT400580,3
ViewParametricSearchSimpleOfferSearch?internalSearch,PDT398586,3
ViewParametricSearchSimpleOfferSearch?internalSearch,C1620,3
ViewParametricSearchSimpleOfferSearch?internalSearch,PDT345586,3
ViewParametricSearchSimpleOfferSearch?internalSearch,PDT00041,3
ViewParametricSearchSimpleOfferSearch?internalSearch,OFF_FR_15064,3
ViewParametricSearchSimpleOfferSearch?internalSearch,PDT01051,3
ViewParametricSearchSimpleOfferSearch?internalSearch,OFF_FR_461,3
ViewParametricSearchSimpleOfferSearch?internalSearch,OFF_FR_1787,3
ViewParametricSearchSimpleOfferSearch?internalSearch,PDT01441,3
ViewParametricSearchSimpleOfferSearch?internalSearch,OFF_FR_1846,3
ViewParametricSearchSimpleOfferSearch?internalSearch,OFF_FR_0683,3
ViewParametricSearchSimpleOfferSearch?internalSearch,OFF_FR_1475,3
ViewParametricSearchSimpleOfferSearch?internalSearch,PDT01478,3
ViewParametricSearchSimpleOfferSearch?internalSearch,PDT00326,3
ViewParametricSearchSimpleOfferSearch?internalSearch,PDT01468,3
ViewParametricSearchSimpleOfferSearch?internalSearch,PDT12609,3
ViewParametricSearchSimpleOfferSearch?internalSearch,C139345,3
ViewParametricSearchSimpleOfferSearch?internalSearch,PDT00149,3
ViewParametricSearchSimpleOfferSearch?internalSearch,PDT01634,3
ViewParametricSearchSimpleOfferSearch?internalSearch,PDT00107,3
ViewParametricSearchSimpleOfferSearch?internalSearch,OFF_FR_494,3
ViewParametricSearchSimpleOfferSearch?internalSearch,PDT01476,3
ViewParametricSearchSimpleOfferSearch?internalSearch,PDT12601,3
ViewParametricSearchSimpleOfferSearch?internalSearch,C192060,3
ViewParametricSearchSimpleOfferSearch?internalSearch,PDT10586,3
ViewParametricSearchSimpleOfferSearch?internalSearch,PDT02417,3
ViewParametricSearchSimpleOfferSearch?internalSearch,OFF_FR_1007,3
ViewParametricSearchSimpleOfferSearch?internalSearch,PDT00945,3
ViewParametricSearchSimpleOfferSearch?internalSearch,PDT82578,3
ViewParametricSearchSimpleOfferSearch?internalSearch,OFF_FR_492,3
ViewParametricSearchSimpleOfferSearch?internalSearch,PDT01128,3
ViewParametricSearchSimpleOfferSearch?internalSearch,OFF_FR_0989,3
ViewParametricSearchSimpleOfferSearch?internalSearch,PDT00772,3
ViewParametricSearchSimpleOfferSearch?internalSearch,PDT01705,3
ViewParametricSearchSimpleOfferSearch?internalSearch,OFF_FR_1006,3
ViewParametricSearchSimpleOfferSearch?internalSearch,PDT01911,3
ViewParametricSearchSimpleOfferSearch?internalSearch,PDT01916,3
ViewParametricSearchSimpleOfferSearch?internalSearch,PDT01929,3
ViewParametricSearchSimpleOfferSearch?internalSearch,OFF_FR_153,3
ViewParametricSearchSimpleOfferSearch?internalSearch,OFF_FR_1548,3
ViewParametricSearchSimpleOfferSearch?internalSearch,PDT01617,3
ViewParametricSearchSimpleOfferSearch?internalSearch,OFF_FR_9572,3
ViewParametricSearchSimpleOfferSearch?internalSearch,OFF_FR_1889,3
ViewProductReviewsStart,OFF_FR_388,3
ViewProductReviewsStart,PDT361580,3
ViewProductReviewsStart,PDT01642,3
ViewProductReviewsStart,OFF_FR_414,3
ViewProductReviewsStart,PDT02173,3
ViewProductReviewsStart,PDT01392,3
ViewProductReviewsStart,BASF1016,3
ViewProductStart,C159510,3
ViewStandardCatalogBrowse,PDT03612,3
ViewStandardCatalogBrowse,OFF_FR_2051,3
ViewStandardCatalogBrowse,PDT116584,3
ViewStandardCatalogBrowse,PDT00228,3
ViewStandardCatalogBrowse,OFF_FR_1571,3
ViewStandardCatalogBrowse,PDT00247,3
ViewStandardCatalogBrowse,PDT02238,3
ViewStandardCatalogBrowse,PDT00291,3
ViewStandardCatalogBrowse,PDT01658,3
ViewStandardCatalogBrowse,OFF_FR_1556,3
ViewStandardCatalogBrowse,OFF_FR_15082,3
ViewStandardCatalogBrowse,C111014,3
ViewStandardCatalogBrowse,PDT00360,3
ViewStandardCatalogBrowse,C116030,3
ViewStandardCatalogBrowse,OFF_FR_1874,3
ViewStandardCatalogBrowse,PDT531590,3
ViewStandardCatalogBrowse,C2260,3
ViewStandardCatalogBrowse,OFF_FR_449,3
ViewStandardCatalogBrowse,PDT02395,3
ViewStandardCatalogBrowse,C204020,3
ViewStandardCatalogBrowse,PDT02214,3
ViewStandardCatalogBrowse,PDT345587,3
ViewStandardCatalogBrowse,OFF_FR_0923,3
ViewStandardCatalogBrowse,OFF_FR_1883,3
ViewStandardCatalogBrowse,OFF_FR_1495,3
ViewStandardCatalogBrowse,OFF_FR_1854,3
ViewStandardCatalogBrowse,PDT02454,3
ViewStandardCatalogBrowse,OFF_FR_262,3
ViewStandardCatalogBrowse,OFF_FR_033,3
ViewStandardCatalogBrowse,C1965,3
ViewStandardCatalogBrowse,PDT01340,3
ViewStandardCatalogBrowse,OFF_FR_540,3
ViewStandardCatalogBrowse,OFF_FR_432,3
ViewStandardCatalogBrowse,PDT12602,3
ViewStandardCatalogBrowse,PDT02131,3
ViewStandardCatalogBrowse,OFF_FR_153,3
ViewStandardCatalogProductPaging,OFF_FR_388,3
ViewStandardCatalogProductPaging,OFF_FR_114,3
ViewUserAccountCreateUserSuggestedAddress,ViewUserAccountCreateUserSuggestedAddress,3
ViewUserAccountDispatch,ViewCartCheckoutClassic,3
ViewUserAccountDispatch,ViewCheckoutNewUserAddressDispatch,3
ViewUserAccountProcessLogin,C11,3
ViewUserAccountProcessLogin,ViewDataStart,5
ViewUserAccountProcessLogin,cms_000008,3
ViewUserAccountShowRegisterClassic,ViewCheckoutShippingStart,3
ViewUserAccountStart,ADPC350TRA,3
ViewUserAccountStart,MFC203,3
ViewUserAccountStart,C1555,3
ViewUserAccountStart,RPT06,3
ViewUserAccountStart,TGO05,3
ViewUserAccountStart,A12,3
ViewUserAccountStart,CAS02B,3
ViewUserAccountStart,CAS15A,3
ViewUserAccountStart,CAS20,3
ViewUserAccountStart,CAS21,3
ViewUserAccountStart,C1170,3
ViewUserAccountStart,GEL440B,3
ViewUserAccountStart,CGBOX,3
ViewUserAccountStart,C1430,3
ViewUserAccountStart,MCB120AL,3
ViewUserAccountStart,MCB200A,3
ViewUserAccountStart,MCB50C,3
ViewUserAccountStart,C221211,3
ViewUserAccountStart,793325,3
ViewUserAccountStart,LPBU,3
ViewUserAccountStart,C231611,3
ViewUserAccountStart,PPTBR,3
ViewUserAccountStart,C2313,3
ViewUserAccountStart,OFF_FR_9369,3
ViewUserAccountStart,510575,3
ViewUserAccountStart,530175T,3
ViewUserAccountStart,26325,3
ViewUserAccountStart,C1213,3
ViewUserAccountStart,PMJA7,3
ViewUserAccountStart,MLB00,3
ViewUserAccountStart,RLT05T,3
ViewUserAccountStart,C1775,3
ViewUserAccountStart,FEB19,3
ViewUserAccountStart,cms_000042,3
ViewUserAccountStart,ViewEquipierStepByStepStart,3
ViewUserAccountStart,ViewUserAccountShowLoginClassic,3
ViewUserAccountStart,ViewUserProductReviewsStart,3
ViewUserAccountStart,cms_000006,3
ViewUserAccountStart,C19,3
ViewUserAskCatalogV2Dispatch,ammil3((ppp'kZcZ'_k(BGM>KLAHI(p^[(P,3
ViewUserAskCustomProductQuoteConfirm,C159510,3
ViewUserProductReviewsStart,home,3
ViewUsersStart,cms_000030,3
ViewUsersStart,ViewUserProductReviewsStart,3
cms_000004,cms_000002,3
cms_000133,home,3
cms_000133,OFF_FR_10115,3
cms_000133,C1965,3
C181021,PDT00379,3
C1810,C181021,3
C188020,OFF_FR_1159,3
OFF_FR_0682,ECB2416,3
OFF_FR_0683,OFF_FR_0682,3
OFF_FR_0683,C9612,3
C188010,OFF_FR_1150,3
C188010,OFF_FR_0682,3
C188010,C1880,3
OFF_FR_1157,C188030,3
OFF_FR_1157,C1880,3
C1880,C1470,3
C1880,OFF_FR_1155,3
C1880,C1840,3
LM160,C165322,3
C189940,C18,3
C1899,C1140,3
C1899,OFF_FR_437,3
C1899,OFF_FR_346,3
C1899,PDT250594,3
C1899,PDT184580,3
C1899,PDT00316,3
C1899,PDT00451,3
C1899,C1820,3
PDT547580,cms_000032,3
C183020,PDT00352,3
C183020,C183010,3
C183010,C183010,3
C1830,PDT147580,3
C1830,PDT00352,3
C1830,cms_000053,3
C1830,C1880,3
C1830,OFF_FR_1673,3
C1830,C1830,3
C1830,OFF_FR_15090,3
C182030,OFF_FR_1704,3
C182030,C1880,3
C182030,C182020,3
C1820,PDT01195,3
C1820,C1560,3
C1820,OFF_FR_1008,3
C186020,C186020,3
C186020,PDT00988,3
C1860,C1350,3
C1860,PDT01939,3
C1860,C1310,3
C1870,C11,3
C1870,cms_000045,3
C18,C11,3
C18,C14,3
C18,C1776,3
C18,C1738,3
C18,C2150,3
C18,C186020,3
C18,C13,3
E69021,OFF_FR_15042,3
E69021,E69021,3
OFF_FR_1830,PDT01262,3
MASK1,C1820,3
MASK1,C182020,3
OFF_FR_0605,PDT356580,3
OFF_FR_1753,RM22,3
PDT529584,C1840,3
OFF_FR_1984,M425,3
OFF_FR_1984,M400,3
GEABR250,GEABR250,3
GEAPM840,GEAPM840,3
OFF_FR_1473,OFF_FR_1473,3
C184020,OFF_FR_093,5
C184010,OFF_FR_1754,3
C184010,C184020,3
C1840,OFF_FR_1816,3
C1840,PDT01852,3
C185010,PDT01255,3
C1850,home,3
C1850,C185020,3
OFF_FR_1478,C1830,3
/mafactureelectronique,/mafactureelectronique,3
cms_000138,cms_000019,3
cms_000122,cms_000122,3
cms_000026,C159510,3
cms_000026,cms_000033,3
cms_000026,cms_000147,3
cms_000028,cms_000030,3
cms_000028,cms_000029,3
cms_000027,cms_000028,3
cms_000025,ViewUserAccountShowRegisterClassic,3
cms_000039,cms_000002,3
cms_000039,cms_000048,3
cms_000039,ViewNewsLetterDispatch,3
cms_000039,C1910,3
cms_000097,home,3
cms_000097,cms_000097,3
C9615,C9615,3
C9615,cms_000005,3
cms_000074,OFF_FR_008,3
cms_000074,cms_000045,3
cms_000074,C9614,3
cms_000074,ViewCartCheckoutClassic,3
cms_000074,cms_000075,3
cms_000147,C1520,3
cms_000147,C157010,3
cms_000147,C1190,3
cms_000147,OFF_FR_114,3
cms_000147,PDT02222,3
cms_000147,MCB100A,3
cms_000147,C2255,3
cms_000147,C2317,3
cms_000147,C2316,3
cms_000147,C2312,3
cms_000147,C1632,3
cms_000147,PDT02369,3
cms_000147,EURPAL,3
cms_000147,C173820,3
cms_000147,C2127,3
cms_000147,C2126,3
cms_000147,C2130,3
cms_000147,C2160,3
cms_000147,C2115,3
cms_000147,C2125,3
cms_000147,cms_000133,3
cms_000147,C1820,3
cms_000147,PDT01464,3
cms_000147,C13,3
cms_000147,21005G,3
cms_000147,BASF1016,3
cms_000147,C1990,3
cms_000049,C1510,3
cms_000049,C1530,3
cms_000049,C1560,3
cms_000049,C15,3
cms_000049,OFF_FR_414,3
cms_000049,C2270,3
cms_000049,C2311,3
cms_000049,C23,3
cms_000049,C1212,3
cms_000049,C173820,3
cms_000049,C1393,3
cms_000049,PDT01269,3
cms_000049,OFF_FR_1923,3
cms_000049,PDT01614,3
cms_000136,cms_000062,3
cms_000136,cms_000042,3
/s://,home,3
BAR68P,OFF_FR_121,3
BAR03,C139350,3
OFF_FR_121,home,3
OFF_FR_121,ViewParametricSearchSimpleOfferSearch,3
PDT12619,C1393,3
OFF_FR_030,F136572864,3
OFF_FR_030,FTC2421814,3
FTC2421814,OFF_FR_030,3
FTC2541869,FTC2541869,3
OFF_FR_284,C1393,3
FPC1331041,C139350,3
PDT01436,ABC120,3
PDT01436,ABC70,3
PDT01464,ViewHeaderViewAccountIdentification,3
PDT01464,ViewParametricSearchSimpleOfferSearch,3
PDT01464,cms_000147,3
PDT01464,BI125,3
PDT01464,C13,3
ABC71,ABC71,3
ABC70,PDT01436,3
OFF_FR_031,C1393,3
C139310,OFF_FR_031,3
C139335,C139345,3
PT800RBL,PDT01477,3
FAC500,cms_000042,3
PV125,PDT01497,3
FHS100,PDT00326,3
PDT00327,ViewParametricSearchSimpleOfferSearch,3
PDT00327,PDT00327,3
PDT00328,OFF_FR_521,3
PDT00328,C139340,3
PDT00326,FHS250,3
PDT00326,PDT01497,3
OFF_FR_521,ViewParametricSearchProductPaging,3
PDT01482,C1393,3
PDT01497,PV500,3
PDT01497,PV225,3
PDT01497,PV35,3
PDT01497,PDT01497,3
PDT00325,PDT01497,3
PAL566,PDT02127,3
MGR4,MGR4,3
STC911,OFF_FR_175,3
STC1908,STC1908,3
T7N,PDT12608,3
OFF_FR_1977,VD2N,3
OFF_FR_1977,PDT12607,3
PDT12608,STC901,3
T6B,PDT12608,3
T6N,OFF_FR_175,3
PDT01177,POLY10S,3
PDT12607,ViewParametricSearchSimpleOfferSearch,3
PDT02252,PDT02252,3
TEKNO2019,TEKNO2019,3
PDT01468,MGR4,3
PDT12609,C139320,3
OFF_FR_175,STC931,3
MT1,PDT02252,3
C139320,STC901,3
OFF_FR_406,OFF_FR_406,3
JE20N,PDT00322,3
PDT00322,JE101533,3
JET30,OFF_FR_118,3
OFF_FR_118,home,3
OFF_FR_118,C2240,3
OFF_FR_118,ViewHeaderViewAccountIdentification,3
OFF_FR_118,ViewParametricSearchBrowse,3
OFF_FR_118,JET107,3
PDT02127,OFF_FR_118,3
SPC1510,PDT02127,3
C139345,C139330,3
C1393,C1140,3
C1393,C1410,3
C1393,C2299,3
C1393,C2230,3
C1393,cms_000045,3
C1393,PDT01478,3
C1393,OFF_FR_1977,3
C1393,C139320,3
C1393,PDT01476,3
C1370,C1320,3
PDT00418,PDT01411,3
PDT00418,PDT01432,3
PDT00418,PDT00151,3
PDT00418,C136010,3
PDT01411,C1360,3
PDT00149,PDT00151,3
PDT00151,PDT00151,3
PDT00151,C1310,3
PDT01736,C137010,3
VCI5ZC,PDT02449,3
PDT02449,C137010,3
PDT02449,PDT02449,3
PDT02451,PDT02451,3
PDT02451,SVCIA16,3
SAT0305,PDT01646,3
C136010,PDT02181,3
C136010,PDT00418,3
C136010,PDT01634,3
C136010,PDT02425,5
C136010,C1310,3
C1360,cms_000045,3
C1360,C1620,3
C1360,C136010,3
OFF_FR_038,PDT01626,3
C135010,C1350,3
C135010,C1340,3
C135010,C17,3
OFF_FR_1744,C1350,3
OFF_FR_0719,C1350,3
PDT431580,OFF_FR_038,3
PDT431580,PDT431580,3
C135020,C1310,3
C1350,C12,3
C1350,C1370,3
RECYGAINE20B,OFF_FR_15045,3
C134010,OFF_FR_15045,3
C134010,PDT00523,3
C134010,PDT00343,3
C134030,PDT00741,5
C134020,C134010,3
C134020,C134030,5
C134020,C1340,3
C134020,PDT01470,3
C134020,PDT01622,3
C1340,C18,3
C1340,PDT01398,3
C1340,ViewHeaderViewReference,3
PDT00985,C1530,3
PDT00107,C134010,3
PDT01627,home,3
PDT01627,cms_000147,3
PDT01627,PDT00523,3
PDT01627,PDT01628,3
PDT01627,GAINE10B,3
PDT01627,GAINE40B,3
PDT01626,home,3
PDT01626,ViewParametricSearchSimpleOfferSearch,3
PDT01626,GAINE4A,3
GAINE10B,PDT01627,3
PDT02129,PDT01626,3
GAINE40A,GAINE60A,3
GAINE4A,C1340,3
GAINE4A,PDT01627,3
GAINE4A,PDT02129,3
GAINE60A,GAINE40A,3
C133010,OFF_FR_1468,3
PDT01599,C133010,3
PDT01599,PDT00176,3
PDT01599,PDT00106,3
PDT01594,HV15,3
H19,C1330,3
C133020,C133020,3
PDT02137,PDT02135,3
SOUD01,PDT02134,3
PDT02147,C134020,3
PDT02147,PDT02137,3
PDT02147,PDT01470,3
PDT02147,PDT00987,3
PDT02147,PDT01622,3
PDT01470,PDT02147,3
POLY,PDT01398,3
PDT01866,PDT02428,3
PDT01398,OFF_FR_1187,3
PDT00988,PDT02136,3
PDT02136,PDT01951,3
PDT00741,RSD301,3
PDT01951,PDT02136,3
PDT00987,PDT00331,3
PDT02135,PDT02137,3
PDT02135,PDT02147,3
PDT02135,PDT02135,3
PDT02135,400CV,3
PDT00331,cms_000147,3
PDT00331,PDT00987,3
PDT00331,SD500,3
PDT00331,SD300,5
PDT02134,C1340,3
PDT01622,PDT02147,3
C1330,C11,3
C1330,ViewStandardCatalogBrowse,3
C1330,C133020,5
C131060,C1360,3
C131060,C131070,3
21616E,PDT01340,3
PDT01340,21216E,3
OFF_FR_494,ViewParametricSearchSimpleOfferSearch,3
SPP1000,C13,3
SPF4570,SPF4570,3
PDT00249,SIT11,3
PDT00744,SHC2332N,3
PDT00744,C131015,3
OFF_FR_107,home,3
OFF_FR_107,C1510,3
PDT02423,C980203,3
C131020,OFF_FR_1618,3
PBAG08,PDT02418,3
PBAG73,DimSearchStartBag,3
PBAG16,PDT02418,5
PBAG32,ViewHeaderViewReference,3
PBAG6B,DimSearchStartBag,3
RGP5B,OFF_FR_432,3
RGP46B,RGP40B,3
RGP3B,RGP7B,3
RGP04,OFF_FR_431,3
RGP92,OFF_FR_431,3
RGP05,OFF_FR_431,3
RGP05,RGP23,3
RGP01,RGP02,3
RGP23,RGP46,3
RGP03,OFF_FR_431,3
RGP1015N,ViewParametricSearchBrowse,3
RGP100,OFF_FR_424,3
OFF_FR_452,RGP99B,3
RGP99,C131010,3
OFF_FR_533,C131010,3
OFF_FR_1617,C131010,3
OFF_FR_424,ViewParametricSearchSimpleOfferSearch,3
OFF_FR_424,RGP109,3
OFF_FR_424,RGP110,3
OFF_FR_424,OFF_FR_424,3
PDT02418,C1110,3
PDT02418,C1455,3
PDT02418,C1410,3
PDT02418,ViewParametricSearchSimpleOfferSearch,3
PDT02418,PBAG10,3
PDT02418,PBAG02,3
OFF_FR_431,home,3
OFF_FR_431,C1652,3
OFF_FR_431,ViewHeaderViewAccountIdentification,3
OFF_FR_431,ViewHeaderViewReference,3
OFF_FR_431,cms_000147,3
OFF_FR_431,RGP08,5
OFF_FR_431,RGP67,3
OFF_FR_431,RGP10,3
OFF_FR_431,RGP02,3
OFF_FR_431,RGP03,6
OFF_FR_540,ViewParametricSearchSimpleOfferSearch,3
PDT02433,ViewParametricSearchSimpleOfferSearch,3
PDT02433,OFF_FR_432,3
OFF_FR_432,ViewHeaderViewAccountIdentification,3
OFF_FR_432,RGP5B,3
OFF_FR_432,PDT02418,3
PDT01602,ViewParametricSearchSimpleOfferSearch,3
PDT01602,ViewStandardCatalogBrowse,3
PDT01602,PDT01602,3
PDT116581,OFF_FR_1185,3
PDT02434,C1310,3
PDT248580,C131015,3
OFF_FR_1954,C131010,3
OFF_FR_1954,C1310,3
C131010,ViewHeaderViewAccountIdentification,3
C131010,C1340,3
C131010,OFF_FR_0728,3
C131010,OFF_FR_1617,3
PDT01476,C1393,3
PDT01476,CROC3,3
SX12,PDT01392,3
SP60E,SLP80C,3
SX16,PDT01390,3
SX16,PDT00176,3
SX10,DimSearchStartBag,3
SP18E,PDT01390,3
SP45,PDT01388,3
PDT00321,C131015,3
PDT01390,home,3
PDT01390,C2050,3
PDT01390,SP18E,3
PDT01390,SLP70E,3
PDT01392,SX3,3
PDT01392,SX16,3
PDT01402,C2235,3
PDT01402,SP42A,3
PDT01402,PDT01400,3
PDT01388,home,3
PDT01388,SP91,3
PDT01388,SP95,3
PDT01388,PDT01388,3
C131040,DimSearchStartBag,3
C131040,PDT00106,3
PDT01400,PDT12601,3
OFF_FR_1618,C131020,3
PDT00319,PDT01402,3
MN62,C2230,3
MN62,MN62,3
MN62,C132010,3
OFF_FR_1777,C2235,3
OFF_FR_1777,OFF_FR_1770,3
OFF_FR_1777,C2311,3
OFF_FR_1777,ViewParametricSearchSimpleOfferSearch,3
OFF_FR_1777,OFF_FR_244,3
OFF_FR_1777,PDT01543,3
PAP622,C2230,3
PAP622,PDT12602,3
OFF_FR_1669,PDT00278,3
OFF_FR_1973,C2260,3
OFF_FR_1973,C22,3
OFF_FR_244,C159510,3
PDT01543,home,3
PDT01543,100796,3
PDT01543,MN152,3
PDT01543,PAP822,3
PDT12602,C2230,3
PDT12602,SFASBR14,3
PDT02131,C2230,3
PDT02131,SGC100,3
PDT02131,SGC80,3
SFASBR18,PDT12602,3
SLP10A,PDT12601,3
SLP15A,PDT12601,3
SLP70E,PDT01390,3
SLP70E,PDT02385,3
PDT01029,SFC3,3
PDT01029,C131050,3
PDT00106,C131040,3
PDT00106,C1310,3
PDT12601,C22,3
PDT12601,C131040,3
PDT12601,SLP20A,3
PDT02385,C131040,3
C131050,C1370,3
C131050,C131010,3
C1310,C1420,3
C1310,cms_000031,3
C1310,C2240,3
C1310,PDT02548,3
C1310,SPB10,3
C1310,cms_000073,3
C1310,C121115,3
C1310,C1212,3
C1310,C1210,3
C1310,C1216,3
C1310,C2122,3
C1310,ViewOrdersSimpleOrderSearch,3
C1310,ViewOrderTemplateViewAll,3
C1310,cms_000049,3
C1310,PDT01464,3
C1310,PDT00249,3
C1310,OFF_FR_1954,3
PBAG65,DimSearchStartBag,3
PBAG65,ViewParametricSearchBrowse,3
SX36,PDT01392,3
OFF_FR_1616,OFF_FR_1770,3
OFF_FR_1616,ViewHeaderViewAccountIdentification,3
OFF_FR_1616,cms_000147,3
SZK100,OFF_FR_1187,3
SZK100,C13,3
PDT528583,home,3
RGPG0406,PDT528583,3
RGPG2332,PDT528583,3
OFF_FR_1948,C1310,5
OFF_FR_15047,C131040,3
RECYSP50,DimSearchStartBag,3
SPR08,PDT530580,3
OFF_FR_1054,ViewParametricSearchSimpleOfferSearch,3
SPA0812,OFF_FR_1054,5
SPA1020,SPA1020,3
SPA1020,C1320,3
SPA1020,C13,3
C132010,C132010,3
C1320,C1510,3
C1320,C1110,3
C1320,C2235,3
C1320,OFF_FR_1770,3
C1320,C223012,3
C1320,C2260,3
C1320,C12,3
C1320,ViewHeaderViewAccountIdentification,3
C1320,C1350,3
C1320,OFF_FR_1669,3
C1320,C131050,3
C13,C15,3
C13,C1410,3
C13,C1437,3
C13,C2213,3
C13,C2316,3
C13,C2050,3
C13,C1740,3
C13,C2150,3
C13,ViewHeaderViewReference,3
C13,C18,3
C13,cms_000147,3
C13,C139310,3
C13,C139330,3
C13,C134010,3
C13,OFF_FR_431,3
C13,OFF_FR_1616,3
cms_000075,C1110,3
cms_000075,C14,3
cms_000075,/catalogues,3
cms_000075,C12,3
cms_000075,C2160,3
cms_000075,C13,3
cms_000008,C11,3
cms_000008,ViewOrdersSimpleOrderSearch,3
cms_000008,cms_000075,3
cms_000009,cms_000039,3
cms_000009,C1310,3
cms_000010,home,3
cms_000010,C1513,3
cms_000010,ViewUserAccountStart,3
cms_000010,cms_000138,3
cms_000006,cms_000010,3
cms_000011,home,3
cms_000011,cms_000032,3
cms_000011,cms_000006,3
cms_000011,cms_000011,3
cms_000005,cms_000002,3
cms_000005,cms_000054,3
cms_000005,cms_000023,3
PDT01456,C151320,3
PDT00881,PDT00882,3
OFF_FR_15051,OFF_FR_15051,3
OFF_FR_15051,5216B,3
OFF_FR_15051,PDT00211,3
5216J,OFF_FR_15051,3
5234R,OFF_FR_1978,3
5216G,OFF_FR_15051,3
CPV,OFF_FR_15053,3
5410,ViewParametricSearchSimpleOfferSearch,3
OFF_FR_1424,OFF_FR_1424,3
OFF_FR_15056,C196040,3
OFF_FR_15056,C1960,3
OFF_FR_15052,300HM,3
PDT01909,C195020,3
PDT01909,PDT01909,3
PDT343580,PDT343580,3
PDT343580,STAR4B,3
PDT343580,STAR4LB,3
STAR4LB,PDT343580,3
/stockagemanutentionsecurite/bacscaisses/bacsbec/null,PDT343580,3
PDT500589,OFF_FR_1833,3
PDT500589,SR085,3
OFF_FR_1068,PDT343580,3
5150061,510715,3
PDT01269,OFF_FR_1068,3
PDT01269,RBAC14,3
PDT01269,C1930,3
RBAC10A,PDT01269,3
RBAC12,RBAC11,3
RBAC13,RBAC14,5
RBAC14,PDT01269,3
RBAC11,PDT01272,3
RBAC11,RBAC12,3
RBAC14A,PDT01269,3
RBAC16A,5140055,3
PDT02246,cms_000049,3
PDT02246,5180013,3
PDT02246,5140062,3
PDT02246,PDT02499,3
PDT02246,PDT01282,3
PDT01272,C11,3
PDT01272,RBAC05,3
PDT01272,C1930,3
RBAC20,RBAC20,3
RBAC22,PDT01272,3
/stockagemanutentionsecurite/bacsetcaisses/bacsabec/null,PDT01269,3
C192010,ViewStandardCatalogBrowse,3
OFF_FR_1833,2A044P5,3
E4312R,E431211,3
E6432R,PDT00211,3
E6440R,PDT00209,3
PDT00685,PDT00685,3
OFF_FR_1422,2804A,3
OFF_FR_1422,OFF_FR_1724,3
4504A,OFF_FR_1422,3
OFF_FR_1725,2243,3
2263,ViewHeaderViewAccountIdentification,3
OFF_FR_1724,OFF_FR_1422,3
OFF_FR_1724,E640811,3
OFF_FR_132,home,3
OFF_FR_132,E432711,3
OFF_FR_132,PDT00210,3
OFF_FR_132,E640144,3
PDT00211,OFF_FR_1978,3
PDT00210,OFF_FR_1978,3
2A044P5,PDT500589,3
2A044P5,OFF_FR_1833,3
2367725,home,3
OFF_FR_0650,home,3
OFF_FR_0650,OFF_FR_0650,3
OFF_FR_0650,RBAC201CP,3
OFF_FR_0650,OFF_FR_1421,3
PDT01571,64349,3
PDT01571,RBAC21P,3
PDT01571,PDT00746,3
E641711,OFF_FR_132,5
E642711,OFF_FR_132,3
E643211,C1920,3
SHW670,PDT00912,3
SHW670,C192050,3
RBAC27,RBAC28,3
PDT240591,ViewParametricSearchProductPaging,3
PDT240591,PDT00054,3
PDT240591,14OF,3
PDT240591,64OF,3
PDT240591,8OF,3
14OF,C1920,3
64OF,PDT240591,3
8OF,PDT240591,3
8OF,8OF,3
PDT00912,OFF_FR_1422,3
PDT00912,145C,3
PDT00912,13C,3
PDT00912,84C,3
PDT00912,C19,3
9C,PDT00912,3
6C,C192050,3
50C,PDT00912,3
48C,PDT00912,3
84C,PDT00912,3
RBAC21P,PDT01571,3
RBAC65P,PDT01571,3
PDT00752,C1920,3
61020P5,OFF_FR_1422,3
61060P5,PDT00209,3
C192020,C11,6
C192020,C192090,3
C192020,C1930,5
OFF_FR_1421,OFF_FR_0650,3
OFF_FR_1421,L1204,3
OFF_FR_1421,L1210,3
OFF_FR_1421,L1216,3
L1204,OFF_FR_1421,3
L1205,OFF_FR_1421,3
L1210,OFF_FR_1421,3
L1217,OFF_FR_1421,3
PDT00746,PDT01571,3
PDT00738,OFF_FR_1978,3
AT433104,C11,3
AT433104,PDT00912,3
AT433104,OFF_FR_1421,3
C192040,C1930,3
OFF_FR_1978,ViewHeaderViewAccountIdentification,3
OFF_FR_1978,ViewHeaderViewReference,3
OFF_FR_1978,E6432R,3
OFF_FR_1978,OFF_FR_1422,3
OFF_FR_1978,21010R,3
OFF_FR_1978,21033G,3
21005G,ViewHeaderViewReference,3
21010R,OFF_FR_1978,3
C192030,C192060,3
PDT01294,PDT01294,3
8735,C19,3
8560,PDT01294,3
PDT00537,PDT00537,3
SR085,PDT500589,3
PDT00532,R4105,3
PDT00532,R4145,3
PDT00532,R6145,5
C192045,C192010,3
C192045,PDT00537,3
C192045,C19,3
PC50,PDT02300,3
PC50,C1920,3
01103,PDT01004,3
OFF_FR_152,PDT01004,3
OFF_FR_152,BOX2P,3
27210,OFF_FR_1979,3
OFF_FR_1726,OFF_FR_1726,3
PDT92579,2570400540,3
2570400540,PDT92579,3
CBOX1,OFF_FR_1726,3
CBOX1,C19,3
C192060,CBOX1,3
C192060,C1910,3
C192060,ViewParametricSearchSimpleOfferSearch,3
OFF_FR_1979,27210,3
OFF_FR_1834,C1920,3
C192090,C192045,3
C192042,PDT01330,6
C1920,C1160,3
C1920,C1195,3
C1920,C1652,3
C1920,ViewStandardCatalogProductPaging,3
C1920,C1960,3
C1920,PDT00905,3
VP43,PDT00544,3
CRVE,PDT00342,3
PDT00342,OFF_FR_1579,3
PDT00342,C1195,3
PDT00342,C11,3
PDT00342,CRBO,3
OFF_FR_1210,C196510,3
C196510,C1965,5
C196510,ViewStandardCatalogProductPaging,3
C196510,OFF_FR_1887,3
C196510,PDT84578,3
C196510,C196540,5
OFF_FR_1887,C1965,5
PDT10586,C1965,3
PDT84578,C196510,3
C196540,C1965,6
JUMPER43,PDT00950,3
C1965,C2028,3
C1965,ViewStandardCatalogProductPaging,5
C1965,OFF_FR_9656,3
CC3500,CC3500,3
AMR2P,AMR2P,3
C194040,C194015,3
C194040,C19,3
C194040,home,3
C194040,C1940,3
B382C,C194085,3
PDT00134,C194085,3
C194085,PDT00136,3
C194085,C1940,3
C194085,PDT50575,3
2372307,cms_000042,3
PDT01310,PDT02417,3
PDT01310,ESC7,3
ESC5,PDT02417,3
PDT01324,PDT01311,3
3702,PDT02417,3
3702,PDT01324,3
3702,C194070,3
3703,PDT02419,3
PDT02419,2272106,3
2272106,2272106,3
PDT01311,C1940,3
C194070,C1940,3
PDT02303,C194048,3
PDT02304,C194048,3
PDT01307,PDT00839,3
PDT02302,C194048,3
800516,PDT00294,3
800516,800516,3
800516,C1940,3
C194048,C194070,3
C194048,PDT02304,3
C194048,C194048,3
C194048,C1950,3
PDT241581,C194010,3
PDT241581,PDT01309,3
TRE180,OFF_FR_1074,3
C194010,C194040,3
C194010,C194048,3
C194010,C194010,3
C194010,C194050,3
PAB6,C191045,3
PDT01453,PLAT1,3
PLAT2,OFF_FR_1074,3
PLAT2,PDT01308,3
PLAT2,C1910,3
OFF_FR_1734,864149,3
OFF_FR_1734,OFF_FR_1734,5
864149,C194015,3
OFF_FR_1074,TSAP710,3
OFF_FR_1074,TRE180,3
OFF_FR_1074,OFF_FR_1734,3
OFF_FR_1074,OFF_FR_1074,3
OFF_FR_1074,OFF_FR_1923,3
POST918,POST918,3
TAB4,PDT00839,3
TAB1,PDT01309,3
TR4015,C191045,3
PDT00552,C1820,3
OFF_FR_1007,C191045,3
C194015,C194015,3
0YY5ROU,PDT01718,3
OFF_FR_1549,OFF_FR_1549,3
PDT586591,C1940,3
PDT01720,C194050,3
C194050,C194015,3
C194050,PDT01718,3
C194050,PDT00945,3
C194050,PDT00867,5
C194050,PDT01720,3
WD234,WD235,3
OFF_FR_395,C194045,3
PDT01721,C194045,3
WDE104,OFF_FR_1254,3
WDE104,OFF_FR_1255,3
OFF_FR_1252,C1940,3
OFF_FR_1252,OFF_FR_1253,3
OFF_FR_1253,ViewParametricSearchSimpleOfferSearch,3
OFF_FR_1253,WDE104,3
OFF_FR_1253,WDE114,3
OFF_FR_1255,WD234,3
OFF_FR_1255,OFF_FR_1254,3
C194045,PDT01721,3
C194045,WDE104,3
C194045,WDE105,3
C1940,cms_000128,3
C1940,C1965,3
C1940,PDT00134,3
C1940,PDT02417,3
C1940,PDT00250,3
C1940,PDT01324,3
C1940,PDT00252,3
C1940,PDT01713,3
C1940,PDT586591,3
C1940,C194050,3
C1940,C1980,3
OFF_FR_1955,OFF_FR_1074,3
OFF_FR_1955,R32102,3
OFF_FR_1955,R32110,5
OFF_FR_1923,home,3
30247,ViewParametricSearchSimpleOfferSearch,3
OFF_FR_9663,OFF_FR_9775,3
OFF_FR_301,PDT00120,3
PDT00404,EOB60K20L,3
PDT00120,C1950,3
EOB60K20,PDT00120,3
C195070,C212540,3
OFF_FR_1947,C1950,3
OFF_FR_1989,ViewParametricSearchSimpleOfferSearch,5
OFF_FR_0856,124001,3
OFF_FR_0855,523279,3
PDT02362,C195010,3
PDT01880,OFF_FR_1246,3
PDT02351,ViewParametricSearchProductPaging,3
PDT02349,ViewParametricSearchSimpleOfferSearch,3
PDT02349,PDT02352,3
OFF_FR_224,C195010,3
C195010,OFF_FR_0897,3
C195010,PDT450580,5
C195010,OFF_FR_224,5
C195010,PDT00870,3
CPB635,CPB635,3
C195060,OFF_FR_1991,3
C195060,C195020,3
BAR415NJ,BARA6066NJ,3
BAR420J,OFF_FR_1624,3
OFF_FR_1626,BARA6066NJ,3
OFF_FR_1626,C195020,3
BARA6066NJ,OFF_FR_1626,3
OFF_FR_1628,C195020,3
2032025,OFF_FR_1430,3
2000901,2000901,3
4030517,4030517,3
4060101,OFF_FR_1621,3
PDT00559,2032025,3
PDT00559,2010382,3
OFF_FR_1810,C195020,3
C195020,C1520,3
C195020,ViewStandardCatalogBrowse,3
C195020,OFF_FR_1429,5
OFF_FR_1425,C195020,3
OFF_FR_1425,3225341,3
OFF_FR_1425,3220025,3
OFF_FR_1425,C1950,3
OFF_FR_1430,2050067,3
BASF1016,ViewHeaderViewReference,3
PDT586590,home,6
C195050,C1990,3
C1950,home,3
C1950,C2040,3
C1950,cms_000147,3
C1950,OFF_FR_15075,3
C1950,OFF_FR_15067,3
C1950,C1965,3
C1950,C195070,3
C1950,C195060,3
C1950,OFF_FR_1630,3
C1950,OFF_FR_1628,3
C1950,OFF_FR_1430,3
C1950,C1960,3
C1950,C1990,3
PDT00919,C1960,3
PDT01360,C2050,3
PDT01359,C196010,3
PDT01516,C196010,3
PDT01289,C196060,3
OFF_FR_1604,C196060,3
PDT02410,ViewParametricSearchProductPaging,3
OFF_FR_492,ViewParametricSearchSimpleOfferSearch,3
PDT01127,PDT00502,3
COB409,COB409,3
PDT01427,C1960,3
RU7119,PDT01127,3
C196050,C196060,3
C196050,C1960,3
C196050,C196030,5
OFF_FR_1998,C196010,3
OFF_FR_9562,ViewParametricSearchProductPaging,3
OFF_FR_2052,OFF_FR_1998,3
OFF_FR_2052,NITRILE9,3
NITRILE9,ViewParametricSearchSimpleOfferSearch,5
C196060,PDT01289,3
OFF_FR_9567,C1960,3
C196025,C196050,3
C196025,C196030,3
C196025,C196010,5
OFF_FR_1221,C196030,3
OFF_FR_1805,C196030,3
C196030,C196010,5
C196020,C196060,3
C196020,OFF_FR_9949,3
OFF_FR_0989,C196040,3
OFF_FR_9706,ViewParametricSearchProductPaging,3
C196040,OFF_FR_15056,5
C196040,PDT01429,3
C196040,C196050,3
C196040,C196060,3
C196010,PDT02083,3
C196010,PDT01287,3
C196010,C196025,3
C1960,C2050,3
C1960,C2120,3
C1960,C1940,3
C1960,PDT01359,3
C1960,C1970,3
PDT341586,C196030,3
PDT01300,PDT395590,3
PDT01300,PDT01301,3
PDT01306,ViewParametricSearchProductPaging,3
PDT10575,PDT00753,3
91025,OFF_FR_132,3
91025,C191015,3
PDT395590,COSTO,3
PDT395590,PDT395590,3
PDT395590,PDT01301,3
OFF_FR_144,ViewParametricSearchProductPaging,3
C191020,cms_000147,3
OFF_FR_0929,4009712,3
C191021,C191015,3
OFF_FR_0866,cms_000147,3
OFF_FR_1731,300M17B,3
OFF_FR_1262,home,5
OFF_FR_1262,C9612,3
OFF_FR_1262,KM4202F,3
OFF_FR_1262,OFF_FR_1987,3
OFF_FR_1807,ViewParametricSearchSimpleOfferSearch,3
OFF_FR_1808,C191022,3
OFF_FR_1808,PDT01308,3
OFF_FR_1808,C1910,3
C191022,C191015,3
C191045,PDT00552,3
C191045,C191025,3
C191045,C191040,3
C191045,C191026,3
C191045,OFF_FR_1006,3
PDT01460,OFF_FR_143,3
OFF_FR_143,CHAG4,3
PDT01308,OFF_FR_1807,3
PDT01308,OFF_FR_1808,3
PDT01308,C191025,3
4009712,C19,3
PDT00831,PLAT2,3
PDT00831,OFF_FR_0866,3
C191025,OFF_FR_15055,3
C191025,PDT01306,3
C191025,C191030,3
C191025,C1930,3
PDT00772,ViewParametricSearchSimpleOfferSearch,3
DUPF13D0N,C1910,3
3101,PDT00296,3
3101,C1910,3
PDT00354,PDT00354,3
3201D,3201D,3
C191010,C191022,3
C191010,C191030,3
GM16,GM16,3
OFF_FR_1986,GSE30,3
GSE16,C191040,3
OFF_FR_1987,OFF_FR_1262,3
TM15,OFF_FR_1987,3
TM30,OFF_FR_1987,3
C191040,C191040,3
C191040,C191050,3
C191040,C191026,3
C191040,C19,3
C191050,C191022,3
C191050,C191030,3
CRO600,CRO600,3
PDT00754,C191015,3
PRB600,C1910,3
OFF_FR_1774,PDT01701,3
C191015,C191040,3
C191015,PDT01701,3
PDT173582,PDT173582,3
VCONNFIND3,VCONNFIND3,3
VCONNFIND3,C1910,3
ROLLST,PDT173580,3
OFF_FR_524,OFF_FR_524,3
OFF_FR_524,ROLL170,3
ROLL170,OFF_FR_524,3
ROLL3C160,OFF_FR_524,3
C191026,C191021,3
C191026,C191045,3
C191026,C191040,3
C191026,C191015,3
C191026,C1930,3
OFF_FR_1838,OFF_FR_1838,3
HB1056M,cms_000147,3
FLHB1056EN,cms_000147,3
OFF_FR_1836,PDT01705,3
OFF_FR_1835,C1720,3
TPL2T,C191030,3
TMLR,cms_000147,3
C191030,home,5
C191030,C191020,3
C191030,C191022,3
C191030,C191025,3
C191030,C191050,3
C1910,C1510,3
C1910,C1110,3
C1910,C2045,3
C1910,C2040,3
C1910,C1640,3
C1910,C2120,3
C1910,C1880,3
C1910,C1899,3
C1910,C1830,3
C1910,C13,3
C1910,OFF_FR_1008,3
C1910,C195010,3
C1910,PDT01305,3
C1910,PDT341582,3
PDT341582,C1910,3
C198520,C198510,3
C1985,OFF_FR_462,6
C195099,C1920,3
C195099,PDT00544,3
PDT01961,PDT02297,3
PDT02297,home,3
C199030,OFF_FR_1999,3
C199030,PDT02296,3
C199030,PDT00719,3
C199030,PDT02297,3
J066,J066,3
OFF_FR_1342,OFF_FR_1512,3
C199020,C1990,3
C1990,C2032,3
C1990,C1965,3
C1990,C1950,3
PDT02412,C197060,3
C1970,home,3
C1970,C1960,3
C1970,PDT234590,3
C1970,PDT01918,3
OPTIME2,PDT393582,3
PDT01916,C197040,3
PDT01915,C1970,3
PDT01925,C198520,3
PDT01925,PDT02443,3
PDT01926,C198520,3
C193070,C193050,3
OFF_FR_1730,OFF_FR_1730,3
433804,433804,3
OFF_FR_1431,PP392380,3
PP392310,PP392310,3
PP392330,OFF_FR_1431,3
C193050,C1920,3
C193050,C193070,3
PDT01929,OFF_FR_034,3
PDT01929,OFF_FR_153,3
PDT01330,C192042,3
PDT00905,C1920,3
PDT00905,PDT395591,3
C193040,C19,3
C193060,C193030,3
PDT01697,0882043,3
0882043,PDT01697,3
192265,PDT01697,3
193233,C1930,3
20312,OFF_FR_034,3
20612,23412,3
OFF_FR_195,cms_000049,3
PDT01616,80525,3
80525,PDT01616,3
C193030,OFF_FR_1959,3
OFF_FR_1733,OFF_FR_1732,3
OFF_FR_153,00315,3
OFF_FR_153,OFF_FR_164,3
OFF_FR_155,OFF_FR_195,3
OFF_FR_155,OFF_FR_164,3
OFF_FR_149,C1930,3
PDT01496,C193010,3
20210,32984,3
20410,OFF_FR_404,3
PDT02308,PDT02311,3
PDT02308,PDT01698,3
B01A1225,OFF_FR_164,3
OFF_FR_164,OFF_FR_1733,3
OFF_FR_164,OFF_FR_164,3
OFF_FR_164,B22804A2D,3
PDT01617,C1910,3
PDT02309,C193020,3
PDT01698,C1930,3
C193020,ViewStandardCatalogBrowse,3
C193020,ViewStandardCatalogProductPaging,3
C193020,PDT02309,3
C1930,C1455,3
C1930,/catalogues,3
C1930,C1630,3
C1930,C1710,3
C1930,C2110,3
C1930,C2120,3
C1930,ViewHeaderViewAccountIdentification,3
C1930,C18,3
C1930,cms_000147,3
C1930,OFF_FR_148,3
C1930,OFF_FR_149,3
C1930,OFF_FR_1548,3
PR5145,PDT395591,3
PDT395591,PDT00905,3
55607,OFF_FR_9573,3
OFF_FR_1996,C1980,3
OFF_FR_1212,ViewParametricSearchSimpleOfferSearch,3
OFF_FR_0998,ViewParametricSearchSimpleOfferSearch,3
OFF_FR_0998,C1980,3
BM203,BM203,3
BM203,C198040,3
PDT01279,C1980,3
C198040,OFF_FR_9571,3
C198040,PDT01279,6
OFF_FR_467,VC12070,3
OFF_FR_467,C198060,3
OFF_FR_1514,C1980,3
C198060,C198060,3
C198060,PDT00693,3
DMPANL,PDT00926,3
PDT00926,C198010,3
C198010,OFF_FR_1889,3
C198010,OFF_FR_9658,3
C198010,OFF_FR_0879,3
C1980,C16,3
C1980,C1920,3
C1980,C1940,3
C1980,C1985,3
C1980,OFF_FR_9573,3
C1980,OFF_FR_1212,3
C1980,OFF_FR_0998,3
C1980,OFF_FR_0881,3
C1980,OFF_FR_1514,3
C1980,PDT01519,3
C1980,PDT00693,3
C19,C20,3
C19,C16,3
C19,C192030,3
C19,C194070,3
C19,PDT00836,3
C19,C193070,3
/ubereats/sackraftpoigneesplates70grm2impressionubereats_OFF_FSSACS_UBER,home,3
/ubereats/sackraftpoigneesplates70grm2impressionubereats_OFF_FSSACS_UBER,C2311,3
cms_000127,C1820,3
cms_000125,cms_000032,3
cms_000125,ViewHeaderViewReference,3
WorldWideWeb,OFF_FR_1486,2
WorldWideWeb,PDT479582,2
WorldWideWeb,AT01,2
WorldWideWeb,ADP350,2
WorldWideWeb,4910F19,2
WorldWideWeb,ADDF2,2
WorldWideWeb,ADDF1,2
WorldWideWeb,ADFB9,2
WorldWideWeb,PDT02326,2
WorldWideWeb,4970L19,2
WorldWideWeb,4970L06,2
WorldWideWeb,51970L12,2
WorldWideWeb,GDS1501,2
WorldWideWeb,OFF_FR_1483,2
WorldWideWeb,OFF_FR_1058,2
WorldWideWeb,ADG12BG,2
WorldWideWeb,OFF_FR_2040,2
WorldWideWeb,ADP75FR,2
WorldWideWeb,OFF_FR_1192,2
WorldWideWeb,ADG500HAV,2
WorldWideWeb,ADKF10,2
WorldWideWeb,ADM02,2
WorldWideWeb,VARIOAMD,2
WorldWideWeb,OFF_FR_1715,2
WorldWideWeb,PDT467582,2
WorldWideWeb,AT50TRA6,2
WorldWideWeb,OFF_FR_436,2
WorldWideWeb,ADGR70BG,2
WorldWideWeb,PDT08560,2
WorldWideWeb,ADH50,2
WorldWideWeb,ADH52,2
WorldWideWeb,/adhesifscerclagecollage/adhesifsemballage/rubansadhesifsemballa,2
WorldWideWeb,ADP09N,2
WorldWideWeb,ADP13N,2
WorldWideWeb,371HAV,2
WorldWideWeb,ADT07N,2
WorldWideWeb,ADPC65,2
WorldWideWeb,4089HAV100,2
WorldWideWeb,ADP23MCK,2
WorldWideWeb,AT50GREEN,2
WorldWideWeb,313TRA,2
WorldWideWeb,ADPC950TRA,2
WorldWideWeb,ADPC975TRA,2
WorldWideWeb,PDT01826,2
WorldWideWeb,PDT02567,2
WorldWideWeb,ADH05,2
WorldWideWeb,4120HAV100,2
WorldWideWeb,ADP72,2
WorldWideWeb,ADG19,2
WorldWideWeb,ADG13,2
WorldWideWeb,AS50R,2
